{"0": [[[0.0003989219665527344, 0.001989936828613281, 0.006989526748657226, 0.02932190895080566, 0.11448860168457031, 0.46547608375549315, 1.9002193450927733, 7.648447895050049, 30.701504516601563], [4017, 16827, 65466, 262374, 1052121, 4197664, 16896985, 67304083, 268195362]], [[0.0003963470458984375, 0.0006000041961669922, 0.0009778976440429688, 0.0021784782409667966, 0.004996490478515625, 0.010768318176269533, 0.023532676696777343, 0.05108232498168946, 0.10743412971496583], [195, 385, 769, 1539, 3074, 6145, 12290, 24578, 49154]], [[0.0003990650177001953, 0.0015986442565917968, 0.0075871944427490234, 0.029736375808715822, 0.11689252853393556, 0.46348242759704583, 1.866988945007324, 7.4261858463287345, 30.021760845184325], [8125, 32640, 130815, 523775, 2096125, 8386560, 33550335, 134209535, 536854525]], [[0.000199127197265625, 0.0005988121032714845, 0.0012006759643554688, 0.002991199493408203, 0.008174562454223632, 0.021149158477783203, 0.056259632110595696, 0.15120182037353516, 0.39513888359069826], [775, 1800, 4105, 9225, 20490, 45070, 98315, 213005, 458765]]], "1": [[[0.0, 0.0, 0.0, 0.0, 0.0009944438934326172, 0.0019881725311279297, 0.0029921531677246094, 0.005968332290649414, 0.012964963912963867], [127, 255, 511, 1023, 2047, 4095, 8191, 16383, 32767]], [[0.0009970664978027344, 0.0, 0.0009865760803222656, 0.0029921531677246094, 0.005002498626708984, 0.008970022201538086, 0.019957542419433594, 0.04288530349731445, 0.08876276016235352], [197, 389, 773, 1541, 3077, 6149, 12293, 24581, 49157]], [[0.0, 0.001993894577026367, 0.00797891616821289, 0.02792501449584961, 0.11368370056152344, 0.4677555561065674, 1.8301210403442383, 7.306453704833984, 29.164696216583252], [8128, 32640, 130816, 523776, 2096128, 8386560, 33550336, 134209536, 536854528]], [[0.0, 0.0, 0.0, 0.0019965171813964844, 0.001990795135498047, 0.005985736846923828, 0.011939764022827148, 0.026927709579467773, 0.05684852600097656], [777, 1802, 4107, 9228, 20493, 45070, 98319, 213008, 458769]]], "2": [[[0.000997781753540039, 0.0029921531677246094, 0.01297307014465332, 0.05389261245727539, 0.22140789031982422, 0.9275004863739014, 3.6542439460754395, 14.719231128692627, 58.20448875427246], [8255, 32895, 131327, 524799, 2098175, 8390655, 33558527, 134225919, 536887295]], [[0.0009968280792236328, 0.0010280609130859375, 0.0010039806365966797, 0.0019881725311279297, 0.003989458084106445, 0.008975744247436523, 0.018953561782836914, 0.04089069366455078, 0.08676767349243164], [133, 261, 517, 1029, 2053, 4101, 8197, 16389, 32773]], [[0.0, 0.0019626617431640625, 0.007964372634887695, 0.029909372329711914, 0.12070703506469727, 0.4926893711090088, 1.9318180084228516, 7.807878494262695, 41.166687965393066], [8128, 32640, 130816, 523776, 2096128, 8386560, 33550336, 134209536, 536854528]], [[0.0, 0.0, 0.0, 0.001973390579223633, 0.0029687881469726562, 0.008974313735961914, 0.01797628402709961, 0.03990578651428223, 0.09572696685791016], [777, 1802, 4107, 9228, 20493, 45070, 98319, 213008, 458769]]], "3": [[[0.0, 0.000988324483235677, 0.004649798075358072, 0.019296964009602863, 0.07979106903076172, 0.3151511351267497, 1.2484730084737143, 4.974294185638428, 19.564522186915077], [2948, 11188, 45186, 174023, 705458, 2791147, 11217111, 44884817, 178491813]], [[0.0003326733907063802, 0.0010058879852294922, 0.000988165537516276, 0.001993894577026367, 0.00432292620340983, 0.010313749313354492, 0.021604379018147785, 0.04556337992350261, 0.09574373563130698], [172, 345, 684, 1373, 2740, 5472, 10938, 21838, 43740]], [[0.0006649494171142578, 0.0016667842864990234, 0.007327715555826822, 0.029580275217692055, 0.11765583356221518, 0.4757166703542074, 1.8766746520996094, 7.4799699783325195, 29.51665512720744], [8127, 32640, 130815, 523776, 2096127, 8386560, 33550335, 134209536, 536854527]], [[0.0, 0.0003383954366048177, 0.0006550947825113932, 0.0013304551442464192, 0.003007729848225911, 0.00765546162923177, 0.015293121337890625, 0.03258967399597168, 0.06882007916768393], [777, 1800, 4107, 9228, 20493, 45069, 98319, 213006, 458769]]]}